id,short_name,position,F1,F2,F3,F4,F5,fdr_sum_next_5,Goals_Scored,Goals_Conceded,Points,Wins,Draws,Losses,xG_Created,xG_Conceded,npxG_Created,npxG_Conceded,npxG_Difference,Expected_Points,Deep_Passes_Completed,Deep_Passes_Allowed,PPDA_Attacking_Passes,PPDA_Defensive_Actions,PPDA_Allowed_Att,PPDA_Allowed_Def,PPDA_Coeff,PPDA_Allowed_Coeff,Played,xgA/90,xg/90,defensive_multiplier,offensive_multiplier
1,ARS,2,LEE(H) (3),NFO(A) (3),EVE(H) (3),LIV(A) (4),HUL(H) (2),15,10,5,15,5,0,1,11.73,6.65,10.97,5.89,5.08,11.99,69,24,1068,101,1546,132,10.57,11.71,6,1.11,1.96,0.699,1.441
2,AVL,16,BRE(H) (3),NEW(A) (3),MCI(H) (4),FUL(H) (2),MUN(A) (4),16,6,11,5,1,2,3,6.83,12.14,6.83,12.14,-5.31,5.75,39,50,1456,86,1275,164,16.93,7.77,6,2.02,1.14,1.325,0.83
3,BOU,17,CHE(A) (4),SUN(H) (3),MUN(A) (4),LEE(H) (3),IPS(A) (2),16,7,13,3,0,3,3,9.77,8.37,9.77,8.37,1.41,9.35,42,47,1500,143,1272,138,10.49,9.22,6,1.39,1.63,1.011,1.08
4,BRE,4,AVL(A) (3),LIV(H) (4),HUL(A) (2),NFO(H) (3),BHA(A) (4),16,12,6,10,2,4,0,11.8,9.33,11.03,8.57,2.46,9.4,41,57,1325,164,1159,136,8.08,8.52,6,1.56,1.97,1.163,1.229
5,BHA,3,SUN(A) (3),CRY(H) (2),LIV(A) (4),MCI(A) (5),BRE(H) (3),17,18,5,13,4,1,1,14.53,9.5,13.77,9.5,4.28,11.19,34,43,986,156,1712,87,6.32,19.68,6,1.58,2.42,1.067,1.384
6,CHE,10,BOU(H) (3),EVE(A) (3),TOT(H) (2),MUN(H) (4),SUN(A) (3),15,15,13,10,3,1,2,10.32,11.97,10.32,11.97,-1.66,7.21,54,42,1541,113,1341,125,13.64,10.73,6,2.0,1.72,1.249,1.216
7,COV,18,NEW(H) (3),TOT(A) (3),FUL(H) (2),SUN(H) (3),EVE(A) (3),14,1,10,3,1,0,4,4.98,8.59,4.98,7.83,-2.85,4.55,18,38,1527,82,897,87,18.62,10.31,5,1.72,1.0,0.958,0.524
8,CRY,15,NFO(H) (3),BHA(A) (4),NEW(H) (3),TOT(A) (3),LIV(H) (4),17,6,11,4,1,1,3,7.58,10.02,7.58,10.02,-2.44,5.4,26,56,1597,102,1177,107,15.66,11.0,5,2.0,1.52,1.208,0.787
9,EVE,7,HUL(A) (2),CHE(H) (4),ARS(A) (5),NEW(A) (3),COV(H) (2),16,6,3,9,2,3,0,8.35,7.2,8.35,7.2,1.15,7.63,36,35,1492,98,1075,118,15.22,9.11,5,1.44,1.67,0.827,0.924
10,FUL,19,IPS(A) (2),HUL(H) (2),COV(A) (2),AVL(A) (3),NEW(H) (3),12,6,10,2,0,2,4,9.74,11.69,9.74,11.69,-1.95,6.82,54,44,1408,116,1887,122,12.14,15.47,6,1.95,1.62,1.243,1.171
11,HUL,8,EVE(H) (3),FUL(A) (3),BRE(H) (3),IPS(H) (2),ARS(A) (5),16,6,4,8,2,2,1,5.73,7.19,5.73,6.42,-0.69,5.46,16,38,1572,94,728,71,16.72,10.25,5,1.44,1.15,0.85,0.566
12,IPS,11,FUL(H) (2),MCI(A) (5),NFO(H) (3),HUL(A) (2),BOU(H) (3),15,9,12,9,3,0,3,8.38,12.09,8.38,11.33,-2.94,6.68,33,44,1744,146,1419,121,11.95,11.73,6,2.01,1.4,1.274,0.903
13,LEE,5,ARS(A) (5),MUN(H) (4),SUN(A) (3),BOU(A) (3),TOT(H) (2),17,8,5,9,2,3,1,8.42,8.73,8.42,8.73,-0.31,7.86,21,37,1361,146,1260,141,9.32,8.94,6,1.46,1.4,0.961,0.812
14,LIV,6,MCI(H) (4),BRE(A) (3),BHA(H) (3),ARS(H) (4),CRY(A) (3),17,7,4,9,2,3,0,8.24,6.94,7.48,6.18,1.31,7.93,27,31,958,129,1325,94,7.43,14.1,5,1.39,1.65,0.776,0.845
15,MCI,1,LIV(A) (4),IPS(H) (2),AVL(A) (3),BHA(H) (3),NFO(A) (3),15,13,5,15,5,0,0,11.04,7.18,11.04,7.18,3.86,9.59,45,27,922,108,1781,131,8.54,13.6,5,1.44,2.21,0.763,1.201
16,MUN,12,TOT(H) (2),LEE(A) (3),BOU(H) (3),CHE(A) (4),AVL(H) (3),15,9,9,6,1,3,2,11.45,9.25,10.69,9.25,1.44,8.9,64,27,1373,135,1637,124,10.17,13.2,6,1.54,1.91,0.923,1.381
17,NEW,9,COV(A) (2),AVL(H) (3),CRY(A) (3),EVE(H) (3),FUL(A) (3),14,9,9,8,2,2,1,5.54,9.34,4.78,8.58,-3.8,4.29,28,30,1082,103,1199,127,10.5,9.44,5,1.87,1.11,0.953,0.645
18,NFO,13,CRY(A) (3),ARS(H) (4),IPS(A) (2),BRE(A) (3),MCI(H) (4),16,4,5,5,1,2,2,8.48,5.01,7.72,5.01,2.71,9.17,36,19,1189,107,940,118,11.11,7.97,5,1.0,1.7,0.534,0.934
19,TOT,20,MUN(A) (4),COV(H) (2),CHE(A) (4),CRY(H) (2),LEE(A) (3),15,3,9,3,0,3,3,7.85,10.06,7.85,9.3,-1.45,7.7,45,47,1273,166,1645,148,7.67,11.11,6,1.68,1.31,1.141,0.955
20,SUN,14,BHA(H) (3),BOU(A) (3),LEE(H) (3),COV(A) (2),CHE(H) (4),15,6,12,4,1,1,4,10.94,10.49,9.42,9.73,-0.31,8.45,42,34,1273,132,1372,136,9.64,10.09,6,1.75,1.82,1.073,1.17
